{
    "YOLOv8": {
        "Precision": 0.16537249203657756,
        "Recall": 0.1116277563149974,
        "mAP@50": 0.06799506751200668,
        "mAP@50-95": 0.024634065034863744
    }
}